{
  "_meta": {
    "baseline_schema_version": "1.0.0",
    "feature_version": "1.0.0",
    "computed_at": "2026-04-28T17:07:53+00:00",
    "row_count": 192964,
    "feature_count": 34,
    "source_data_path": "data/processed/X_train.csv",
    "source_data_md5": "9b73982fcd03f3f3fc72e614a9039963"
  },
  "features": {
    "V1": {
      "mean": -0.04101741936256368,
      "std": 1.956558159050384,
      "variance": 3.8281198297466275,
      "min": -46.8550472007818,
      "max": 2.45492999121121,
      "median": -0.0615468087456469,
      "q25": -0.9431767913685387,
      "q75": 1.295276113848755
    },
    "V2": {
      "mean": -0.0028214804903830717,
      "std": 1.6662702576336834,
      "variance": 2.7764565714746214,
      "min": -63.3446983175027,
      "max": 22.0577289904909,
      "median": 0.06976873419015131,
      "q25": -0.6183937969466717,
      "q75": 0.8180923969310555
    },
    "V3": {
      "mean": 0.025389888140930055,
      "std": 1.5115036702712639,
      "variance": 2.2846433452435013,
      "min": -33.6809840183525,
      "max": 4.22610848028397,
      "median": 0.201216227793115,
      "q25": -0.8374543718073533,
      "q75": 1.04961142849337
    },
    "V4": {
      "mean": -0.002749410116611603,
      "std": 1.428769439209553,
      "variance": 2.0413821104191805,
      "min": -5.68317119816995,
      "max": 16.8753440335975,
      "median": -0.036403031864463406,
      "q25": -0.8626053138832206,
      "q75": 0.7598350243342492
    },
    "V5": {
      "mean": -0.011340997928471869,
      "std": 1.3550686890802,
      "variance": 1.8362111521255313,
      "min": -40.4277263001722,
      "max": 34.0993093435765,
      "median": -0.06043095986649855,
      "q25": -0.701099231563944,
      "q75": 0.6060532535975626
    },
    "V6": {
      "mean": -0.014583275485757831,
      "std": 1.298325992625584,
      "variance": 1.6856503831272076,
      "min": -23.4967139298714,
      "max": 23.9178371266367,
      "median": -0.26893353709887446,
      "q25": -0.7642421338840207,
      "q75": 0.38906098651445375
    },
    "V7": {
      "mean": 0.007543503850069052,
      "std": 1.2203529619897087,
      "variance": 1.4892613518370552,
      "min": -43.5572415712451,
      "max": 44.0544613631638,
      "median": 0.044500022674615405,
      "q25": -0.5547036221517357,
      "q75": 0.5858003698119745
    },
    "V8": {
      "mean": -0.0049743376937007346,
      "std": 1.1881544560110504,
      "variance": 1.4117110113389149,
      "min": -50.9433688677023,
      "max": 20.0072083651213,
      "median": 0.02312990671781315,
      "q25": -0.20966238530582526,
      "q75": 0.324030809819803
    },
    "V9": {
      "mean": -0.013661241892487123,
      "std": 1.1032904721381576,
      "variance": 1.2172498659108388,
      "min": -13.4340663182301,
      "max": 10.3928888246785,
      "median": -0.06605923535819355,
      "q25": -0.6617334912092235,
      "q75": 0.5916303401292548
    },
    "V10": {
      "mean": 0.005904932197750757,
      "std": 1.092410937933623,
      "variance": 1.1933616573170183,
      "min": -24.5882624372475,
      "max": 15.3317415557881,
      "median": -0.09053825770704149,
      "q25": -0.5375945976917305,
      "q75": 0.47467610612053923
    },
    "V11": {
      "mean": -0.00912736751174069,
      "std": 1.0216961102436646,
      "variance": 1.0438629416870342,
      "min": -4.79747346479757,
      "max": 11.6692047358121,
      "median": -0.04115630572570205,
      "q25": -0.775813955627048,
      "q75": 0.7350030059761578
    },
    "V12": {
      "mean": -0.005148970874712364,
      "std": 0.9991867402242599,
      "variance": 0.9983741418399826,
      "min": -18.6837146333443,
      "max": 4.84645240859009,
      "median": 0.133085252535452,
      "q25": -0.4154489896245692,
      "q75": 0.6143015663624976
    },
    "V13": {
      "mean": -0.0016163500181754031,
      "std": 0.999627725023458,
      "variance": 0.9992555886355741,
      "min": -4.00863979207158,
      "max": 4.46956619153499,
      "median": -0.013015293737926599,
      "q25": -0.6559122060134243,
      "q75": 0.667237010313776
    },
    "V14": {
      "mean": -0.0011692803597853412,
      "std": 0.9562062626707364,
      "variance": 0.9143304167707373,
      "min": -18.8220867423816,
      "max": 7.75459874805484,
      "median": 0.04995608611784215,
      "q25": -0.42649045707695,
      "q75": 0.49121001493599026
    },
    "V15": {
      "mean": -0.01127045561158338,
      "std": 0.9164811764241197,
      "variance": 0.8399377467397384,
      "min": -4.19932124976578,
      "max": 5.82565431863365,
      "median": 0.034333934266688446,
      "q25": -0.5978787957795665,
      "q75": 0.6371905138538022
    },
    "V16": {
      "mean": -0.00476923727994544,
      "std": 0.8817390774176416,
      "variance": 0.7774638006453136,
      "min": -13.5632729563133,
      "max": 8.28988955954619,
      "median": 0.0609408972633607,
      "q25": -0.47869339152852153,
      "q75": 0.525277446391805
    },
    "V17": {
      "mean": -2.324620258049497e-05,
      "std": 0.8484168964069392,
      "variance": 0.7198112301087829,
      "min": -25.1627993693248,
      "max": 9.25352625047285,
      "median": -0.06349693650634584,
      "q25": -0.48252932361048373,
      "q75": 0.40009647153855027
    },
    "V18": {
      "mean": 0.004187225719763733,
      "std": 0.8427912353781902,
      "variance": 0.710297066430296,
      "min": -9.49874592104677,
      "max": 5.04106918541184,
      "median": 0.00208061404575525,
      "q25": -0.49732098239883127,
      "q75": 0.5076875991726739
    },
    "V19": {
      "mean": -9.1748374142648e-05,
      "std": 0.8210364414347644,
      "variance": 0.6741008381638612,
      "min": -7.21352743017759,
      "max": 5.59197142733558,
      "median": -0.00024857601608295,
      "q25": -0.4651565309185405,
      "q75": 0.465722596891188
    },
    "V20": {
      "mean": 0.003260931559616734,
      "std": 0.7765286977261782,
      "variance": 0.6029968183923141,
      "min": -28.009635333749,
      "max": 39.4209042482199,
      "median": -0.0582279845367872,
      "q25": -0.2127080433534475,
      "q75": 0.1405424286562485
    },
    "V21": {
      "mean": 0.0021896009624605443,
      "std": 0.727520193715269,
      "variance": 0.5292856322635024,
      "min": -22.889347040939,
      "max": 27.2028391573154,
      "median": -0.025600176220609498,
      "q25": -0.2250798445890625,
      "q75": 0.18940342535428725
    },
    "V22": {
      "mean": 0.0061359257624032095,
      "std": 0.7258726827501083,
      "variance": 0.5268911515628394,
      "min": -10.933143697655,
      "max": 8.36198519168435,
      "median": 0.0142235220762773,
      "q25": -0.5315287837318028,
      "q75": 0.5336227936820636
    },
    "V23": {
      "mean": -0.002567935445454744,
      "std": 0.6251455441744385,
      "variance": 0.39080695140115473,
      "min": -36.666000066027,
      "max": 22.0835448685737,
      "median": -0.0139455896993848,
      "q25": -0.166194533951074,
      "q75": 0.145760704376449
    },
    "V24": {
      "mean": -0.006675660990820355,
      "std": 0.6058167625382431,
      "variance": 0.367013949772318,
      "min": -2.83662691870341,
      "max": 4.02286589044732,
      "median": 0.0374107679271171,
      "q25": -0.36084986720308254,
      "q75": 0.43273573753933925
    },
    "V25": {
      "mean": -0.004851262901636359,
      "std": 0.5241343776407789,
      "variance": 0.27471684582488654,
      "min": -8.69662677026752,
      "max": 6.07085038407798,
      "median": 0.00947300288385585,
      "q25": -0.324278598293878,
      "q75": 0.3477028869296643
    },
    "V26": {
      "mean": -0.0008992410465789253,
      "std": 0.48418563553127064,
      "variance": 0.23443572965482043,
      "min": -2.60455055280817,
      "max": 3.5173456116238,
      "median": -0.05782296564773445,
      "q25": -0.32855046091901324,
      "q75": 0.24405408360161174
    },
    "V27": {
      "mean": 0.0014564586522365752,