{
  "V1": {
    "mean": -0.03933496391342234,
    "std": 1.9559054204936261,
    "variance": 3.8255660139163483,
    "min": -56.407509631329,
    "max": 2.45492999121121,
    "median": -0.05807417486105485,
    "q25": -0.9420303585351399,
    "q75": 1.294471158488755
  },
  "V2": {
    "mean": -0.0029293873956575383,
    "std": 1.6706938293831521,
    "variance": 2.791217871538941,
    "min": -72.7157275629303,
    "max": 22.0577289904909,
    "median": 0.06997651996176996,
    "q25": -0.6180363298135563,
    "q75": 0.8187586508661087
  },
  "V3": {
    "mean": 0.02620680406811669,
    "std": 1.5129880319394056,
    "variance": 2.2891327847918754,
    "min": -48.3255893623954,
    "max": 4.22610848028397,
    "median": 0.2022673538708215,
    "q25": -0.8373446369537793,
    "q75": 1.0501733330335299
  },
  "V4": {
    "mean": -0.0021371451924442676,
    "std": 1.4272555413506984,
    "variance": 2.0370583803162754,
    "min": -5.68317119816995,
    "max": 16.8753440335975,
    "median": -0.0358270071970798,
    "q25": -0.8625982119561058,
    "q75": 0.7581988177104135
  },
  "V5": {
    "mean": -0.012151522707230645,
    "std": 1.3797695541816823,
    "variance": 1.9037640226467185,
    "min": -113.743306711146,
    "max": 34.8016658766686,
    "median": -0.0609704689696228,
    "q25": -0.701867831957967,
    "q75": 0.6052985523247992
  },
  "V6": {
    "mean": -0.013239012097211619,
    "std": 1.3109943713535381,
    "variance": 1.7187062417206584,
    "min": -26.1605059358433,
    "max": 73.3016255459646,
    "median": -0.26921919562225605,
    "q25": -0.764506050486539,
    "q75": 0.3904755219173077
  },
  "V7": {
    "mean": 0.009034462753170327,
    "std": 1.2449096142337956,
    "variance": 1.549799947611738,
    "min": -43.5572415712451,
    "max": 120.589493945238,
    "median": 0.0451157512313781,
    "q25": -0.5536428301949637,
    "q75": 0.5848743647650703
  },
  "V8": {
    "mean": -0.00434070341768094,
    "std": 1.1851139509642585,
    "variance": 1.4044950767701148,
    "min": -50.9433688677023,
    "max": 20.0072083651213,
    "median": 0.02342082727743945,
    "q25": -0.20973723454332852,
    "q75": 0.3237758487723075
  },
  "V9": {
    "mean": -0.01372839999895178,
    "std": 1.1011844280530845,
    "variance": 1.2126071445865987,
    "min": -13.4340663182301,
    "max": 10.3928888246785,
    "median": -0.06612101474602294,
    "q25": -0.6610749370733667,
    "q75": 0.5913717830301692
  },
  "V10": {
    "mean": 0.006330780313932542,
    "std": 1.089787488874274,
    "variance": 1.1876367709068958,
    "min": -24.5882624372475,
    "max": 15.3317415557881,
    "median": -0.0900597286162109,
    "q25": -0.5371580727078833,
    "q75": 0.47478787676163847
  },
  "V11": {
    "mean": -0.008316955411925307,
    "std": 1.020914664157944,
    "variance": 1.0422667514927275,
    "min": -4.79747346479757,
    "max": 11.6692047358121,
    "median": -0.0401578716589798,
    "q25": -0.7746307022915988,
    "q75": 0.7341969433818061
  },
  "V12": {
    "mean": -0.004195216975629485,
    "std": 0.9971297141557627,
    "variance": 0.9942676668523529,
    "min": -18.6837146333443,
    "max": 4.84645240859009,
    "median": 0.1333094772360765,
    "q25": -0.4134782138732975,
    "q75": 0.6146313383075578
  },
  "V13": {
    "mean": -0.0008311073016139652,
    "std": 0.9996469884715558,
    "variance": 0.9992941015602507,
    "min": -4.00863979207158,
    "max": 7.12688295859376,
    "median": -0.01285144611585955,
    "q25": -0.6553963382606832,
    "q75": 0.6668643401530288
  },
  "V14": {
    "mean": -0.0009190295291039136,
    "std": 0.9534243236313957,
    "variance": 0.9090179408919845,
    "min": -18.8220867423816,
    "max": 7.75459874805484,
    "median": 0.04916132438302215,
    "q25": -0.42696747222631976,
    "q75": 0.49113766244502677
  },
  "V15": {
    "mean": -0.010778718161364366,
    "std": 0.9179208912842799,
    "variance": 0.8425787626561269,
    "min": -4.19932124976578,
    "max": 8.87774159774277,
    "median": 0.0350155001850122,
    "q25": -0.5980633257672022,
    "q75": 0.6385638087066973
  },
  "V16": {
    "mean": -0.0051560390417245226,
    "std": 0.88070901827283,
    "variance": 0.7756483748670919,
    "min": -13.5632729563133,
    "max": 17.3151115176278,
    "median": 0.06095826171102875,
    "q25": -0.47854590976850797,
    "q75": 0.524520959802134
  },
  "V17": {
    "mean": -0.00015726122564483857,
    "std": 0.845587040794853,
    "variance": 0.7150174435601965,
    "min": -25.1627993693248,
    "max": 9.25352625047285,
    "median": -0.0646355874360521,
    "q25": -0.48293200835031924,
    "q75": 0.4009894223430785
  },
  "V18": {
    "mean": 0.004107492539730474,
    "std": 0.8425478946114877,
    "variance": 0.7098869547142506,
    "min": -9.49874592104677,
    "max": 5.04106918541184,
    "median": 0.0014708559387846998,
    "q25": -0.49756410283081026,
    "q75": 0.5081837499680215
  },
  "V19": {
    "mean": -0.00018253826358203716,
    "std": 0.8216352365853763,
    "variance": 0.6750844619987073,
    "min": -7.21352743017759,
    "max": 5.59197142733558,
    "median": -0.0001388312479757,
    "q25": -0.4655515808608965,
    "q75": 0.46577011774018573
  },
  "V20": {
    "mean": 0.003989177645160816,
    "std": 0.7814635557291196,
    "variance": 0.6106852889327988,
    "min": -54.497720494566,
    "max": 39.4209042482199,
    "median": -0.0579334575233992,
    "q25": -0.21238625013294624,
    "q75": 0.14101653398650077
  },
  "V21": {
    "mean": 0.002379084574253055,
    "std": 0.7275178921689596,
    "variance": 0.529282283425966,
    "min": -22.889347040939,
    "max": 27.2028391573154,
    "median": -0.02561241974574565,
    "q25": -0.22506957535869598,
    "q75": 0.18928766014527126
  },
  "V22": {
    "mean": 0.005700587739915938,
    "std": 0.7261206407689053,
    "variance": 0.5272511849506456,
    "min": -10.933143697655,
    "max": 8.36198519168435,
    "median": 0.013411721474945449,
    "q25": -0.5320857353116437,
    "q75": 0.5334794225876305
  },
  "V23": {
    "mean": -0.002318368884071249,
    "std": 0.6240965491749092,
    "variance": 0.3894965026920298,
    "min": -36.666000066027,
    "max": 22.5284116897749,
    "median": -0.01377852321009365,
    "q25": -0.16587602280909175,
    "q75": 0.145796392834903
  },
  "V24": {
    "mean": -0.007191082262853017,
    "std": 0.6060596766935121,
    "variance": 0.36730833171384447,
    "min": -2.83662691870341,
    "max": 4.58454913689817,
    "median": 0.037215637087859146,
    "q25": -0.361103155567819,
    "q75": 0.43256357559252145
  },
  "V25": {
    "mean": -0.004996068283212173,
    "std": 0.5241820214540465,
    "variance": 0.27476679161565043,
    "min": -8.69662677026752,
    "max": 7.51958867870916,
    "median": 0.0095699650562044,
    "q25": -0.32414829544448975,
    "q75": 0.34744266411295577
  },
  "V26": {
    "mean": -0.0005677571986801708,
    "std": 0.48398870671288935,
    "variance": 0.23424506822561522,
    "min": -2.60455055280817,
    "max": 3.5173456116238,
    "median": -0.05698325277372725,
    "q25": -0.32835149774060024,
    "q75": 0.24411852308284523
  },
  "V27": {
    "mean": 0.001210130497248232,
    "std": 0.4019625880435001,
    "variance": 0.16157392218662858,
    "min": -9.89524404755692,
    "max": 31.6121981061363,
    "median": 0.0027689505733695004,
    "q25": -0.07170979379593562,
    "q75": 0.09490379726490783
  },
  "V28": {
    "mean": 0.0008509745066475583,
    "std": 0.33493996252940617,
    "variance": 0.11218477849920001,
    "min": -15.4300839055349,
    "max": 33.8478078188831,
    "median": 0.011745466536693151,
    "q25": -0.05266893826754525,
    "q75": 0.08138493420349945
  },
  "Amount": {
    "mean": 0.0008211981887240532,
    "std": 1.0134206086538513,
    "variance": 1.0270213300443423,
    "min": -0.3577154515880962,
    "max": 101.10275369317355,
    "median": -0.2633286970561948,
    "q25": -0.3322823679401697,
    "q75": -0.0418160166505735
  },