{
  "Time": {
    "mean": 94813.85957508067,
    "std": 47488.14595456617,
    "variance": 2255124006.2021794,
    "min": 0.0,
    "max": 172792.0,
    "median": 84692.0,
    "q25": 54201.5,
    "q75": 139320.5
  },
  "V1": {
    "mean": 1.1683749838001528e-15,
    "std": 1.9586958038574858,
    "variance": 3.836489252048922,
    "min": -56.407509631329,
    "max": 2.45492999121121,
    "median": 0.0181087991615309,
    "q25": -0.920373384390322,
    "q75": 1.315641693877865
  },
  "V2": {
    "mean": 3.416908049651284e-16,
    "std": 1.6513085794769975,
    "variance": 2.7268200246543395,
    "min": -72.7157275629303,
    "max": 22.0577289904909,
    "median": 0.0654855563960555,
    "q25": -0.598549913464916,
    "q75": 0.8037238712400945
  },
  "V3": {
    "mean": -1.379536707896593e-15,
    "std": 1.516255005177772,
    "variance": 2.299029240726645,
    "min": -48.3255893623954,
    "max": 9.38255843282114,
    "median": 0.179846343563544,
    "q25": -0.8903648381551406,
    "q75": 1.027195542465555
  },
  "V4": {
    "mean": 2.0740951198584196e-15,
    "std": 1.4158685749409203,
    "variance": 2.0046838215052327,
    "min": -5.68317119816995,
    "max": 16.8753440335975,
    "median": -0.0198465294811989,
    "q25": -0.848640116331273,
    "q75": 0.7433412894685876
  },
  "V5": {
    "mean": 9.604066317127324e-16,
    "std": 1.3802467340314395,
    "variance": 1.9050810468044552,
    "min": -113.743306711146,
    "max": 34.8016658766686,
    "median": -0.0543358267364858,
    "q25": -0.6915970708876575,
    "q75": 0.611926439735193
  },
  "V6": {
    "mean": 1.4873130132010145e-15,
    "std": 1.3322710897575756,
    "variance": 1.7749462566038379,
    "min": -26.1605059358433,
    "max": 73.3016255459646,
    "median": -0.274187076506651,
    "q25": -0.768295608460489,
    "q75": 0.39856489635610504
  },
  "V7": {
    "mean": -5.556467295694611e-16,
    "std": 1.2370935981826663,
    "variance": 1.530400570664536,
    "min": -43.5572415712451,
    "max": 120.589493945238,
    "median": 0.0401030827945351,
    "q25": -0.5540758790365226,
    "q75": 0.5704360728775986
  },
  "V8": {
    "mean": 1.2134813634275587e-16,
    "std": 1.1943529026692037,
    "variance": 1.4264788561143522,
    "min": -73.2167184552674,
    "max": 20.0072083651213,
    "median": 0.0223580364366631,
    "q25": -0.2086297440394665,
    "q75": 0.327345861923449
  },
  "V9": {
    "mean": -2.4063305498905906e-15,
    "std": 1.0986320892243193,
    "variance": 1.2069924674733927,
    "min": -13.4340663182301,
    "max": 15.5949946071278,
    "median": -0.051428731550349,
    "q25": -0.6430975702665915,
    "q75": 0.5971390302822686
  },
  "V10": {
    "mean": 2.2390527426993533e-15,
    "std": 1.0888497654025169,
    "variance": 1.185593811617116,
    "min": -24.5882624372475,
    "max": 23.7451361206545,
    "median": -0.0929173835961975,
    "q25": -0.5354257264933235,
    "q75": 0.453923445139507
  },
  "V11": {
    "mean": 1.673326932726423e-15,
    "std": 1.0207130277115584,
    "variance": 1.0418550849400967,
    "min": -4.79747346479757,
    "max": 12.0189131816199,
    "median": -0.032757354499007,
    "q25": -0.7624941955129775,
    "q75": 0.739593407321606
  },
  "V12": {
    "mean": -1.2470117695222676e-15,
    "std": 0.9992013895301447,
    "variance": 0.998403416838972,
    "min": -18.6837146333443,
    "max": 7.8483920756446,
    "median": 0.140032588291332,
    "q25": -0.40557148544041355,
    "q75": 0.618238032946136
  },
  "V13": {
    "mean": 8.190001274383203e-16,
    "std": 0.9952742301251534,
    "variance": 0.9905707931512168,
    "min": -5.79188120632084,
    "max": 7.12688295859376,
    "median": -0.0135680567852071,
    "q25": -0.6485392991145684,
    "q75": 0.662504959439974
  },
  "V14": {
    "mean": 1.2072942051600827e-15,
    "std": 0.9585956112570637,
    "variance": 0.9189055459213036,
    "min": -19.2143254902614,
    "max": 10.5267660517847,
    "median": 0.0506013193100486,
    "q25": -0.4255740124549935,
    "q75": 0.493149849218149
  },
  "V15": {
    "mean": 4.887455859804944e-15,
    "std": 0.9153160116104391,
    "variance": 0.8378034011104415,
    "min": -4.49894467676621,
    "max": 8.87774159774277,
    "median": 0.0480715497626106,
    "q25": -0.582884279157456,
    "q75": 0.648820806317158
  },
  "V16": {
    "mean": 1.4377159541859243e-15,
    "std": 0.8762528873883703,
    "variance": 0.7678191226564559,
    "min": -14.1298545174931,
    "max": 17.3151115176278,
    "median": 0.0664133205843014,
    "q25": -0.46803676671289796,
    "q75": 0.523296312475344
  },
  "V17": {
    "mean": -3.7721706856547467e-16,
    "std": 0.8493370636743893,
    "variance": 0.7213734477310337,
    "min": -25.1627993693248,
    "max": 9.25352625047285,
    "median": -0.0656757538072252,
    "q25": -0.483748313707048,
    "q75": 0.3996749826503845
  },
  "V18": {
    "mean": 9.564149167014576e-16,
    "std": 0.8381762095288414,
    "variance": 0.7025393582201362,
    "min": -9.49874592104677,
    "max": 5.04106918541184,
    "median": -0.0036363123546992,
    "q25": -0.498849798665041,
    "q75": 0.5008067468872159
  },
  "V19": {
    "mean": 1.0399166050935636e-15,
    "std": 0.8140405007685785,
    "variance": 0.6626619368915581,
    "min": -7.21352743017759,
    "max": 5.59197142733558,
    "median": 0.0037348229952574,
    "q25": -0.4562989187444475,
    "q75": 0.458949355762679
  },
  "V20": {
    "mean": 6.406203628719748e-16,
    "std": 0.7709250248871167,
    "variance": 0.5943253939972014,
    "min": -54.497720494566,
    "max": 39.4209042482199,
    "median": -0.0624810924603664,
    "q25": -0.21172136467424701,
    "q75": 0.1330408409942945
  },
  "V21": {
    "mean": 1.654066907797022e-16,
    "std": 0.734524014371313,
    "variance": 0.5395255276881489,
    "min": -34.8303821448146,
    "max": 27.2028391573154,
    "median": -0.0294501676953819,
    "q25": -0.22839494677851702,
    "q75": 0.1863772033785755
  },
  "V22": {
    "mean": -3.568593220079729e-16,
    "std": 0.7257015604409116,
    "variance": 0.526642754826374,
    "min": -10.933143697655,
    "max": 10.5030900899454,
    "median": 0.0067819425282695,
    "q25": -0.5423503726606616,
    "q75": 0.5285536353339865
  },
  "V23": {
    "mean": 2.5786478972835623e-16,
    "std": 0.6244602955949903,
    "variance": 0.3899506607745826,
    "min": -44.8077352037913,
    "max": 22.5284116897749,
    "median": -0.0111929302967212,
    "q25": -0.16184634501488449,
    "q75": 0.14764206385605
  },
  "V24": {
    "mean": 4.473265530947536e-15,
    "std": 0.6056470678271602,
    "variance": 0.3668083707676367,
    "min": -2.83662691870341,
    "max": 4.58454913689817,
    "median": 0.0409760560572798,
    "q25": -0.3545861364094985,
    "q75": 0.439526600168186
  },
  "V25": {
    "mean": 5.340914685085768e-16,
    "std": 0.5212780705409426,
    "variance": 0.27173082682688793,
    "min": -10.2953970749851,
    "max": 7.51958867870916,
    "median": 0.0165935016367397,
    "q25": -0.31714505406527,
    "q75": 0.350715562867386
  },
  "V26": {
    "mean": 1.6834371984034178e-15,
    "std": 0.48222701326105727,
    "variance": 0.23254289231867992,
    "min": -2.60455055280817,
    "max": 3.5173456116238,
    "median": -0.0521391080182019,
    "q25": -0.3269839258807195,
    "q75": 0.2409521737147555
  },
  "V27": {
    "mean": -3.6600908126037946e-16,
    "std": 0.4036324949650307,
    "variance": 0.1629191909916955,
    "min": -22.5656793207827,
    "max": 31.6121981061363,
    "median": 0.0013421459786502,
    "q25": -0.07083952930446921,
    "q75": 0.09104511968580689
  },
  "V28": {
    "mean": -1.2273899954199695e-16,
    "std": 0.3300832641602509,
    "variance": 0.108954961278686,
    "min": -15.4300839055349,
    "max": 33.8478078188831,
    "median": 0.011243831564982,
    "q25": -0.0529597930169809,
    "q75": 0.07827995475782015
  },
  "Amount": {
    "mean": 88.34961925093133,
    "std": 250.1201092401885,
    "variance": 62560.06904632383,
    "min": 0.0,
    "max": 25691.16,