{
  "f1_score": 0.8241758241758241,
  "precision": 0.8620689655172413,
  "recall": 0.7894736842105263,
  "roc_auc": 0.9770657976020396,
  "pr_auc": 0.8237972484665629
}