{
  "f1_score": 0.8228571428571428,
  "precision": 0.9,
  "recall": 0.7578947368421053,
  "roc_auc": 0.9817419926137158,
  "pr_auc": 0.818033433646673,
  "avg_inference_latency_ms": 10.33
}