{
  "f1_score": 0.8377358490566038,
  "precision": 0.9024390243902439,
  "recall": 0.7816901408450704,
  "roc_auc": 0.9691488015024021,
  "pr_auc": 0.7971676500616881,
  "avg_inference_latency_ms": 2.11
}