{
  "f1_score": 0.8111111111111111,
  "precision": 0.8588235294117647,
  "recall": 0.7684210526315789,
  "roc_auc": 0.9828317659951689,
  "pr_auc": 0.8173351094505259,
  "avg_inference_latency_ms": 5.35
}