{
  "f1_score": 0.8087431693989071,
  "precision": 0.8409090909090909,
  "recall": 0.7789473684210526,
  "roc_auc": 0.982193833542758,
  "pr_auc": 0.8213903533201972,
  "avg_inference_latency_ms": 2.03
}